[ 
  {
    "productName": "PikaShows",
    "category": "movies",
    "image": "https://tinyurl.com/37csr8my",
    "link": "https://www.pikashows.download/",
    "description": "Download this application for PC and Mobile to stream all types of TV Shows and Movies."
  },

  {
    "productName": "Scaler",
    "category": "coding",
    "image": "https://bit.ly/3XoZKgc",
    "link": "https://bit.ly/3plUFZw",
    "description": "Scaler is an outcome-focused, ed-tech platform for techies."
  },
  {
    "productName": "InterviewBit",
    "category": "coding",
    "image": "https://bit.ly/3NH8dIt",
    "link": "https://bit.ly/43VBwNf",
    "description": "InterviewBit prepares you not only for the interviews, but for the actual job too."
  },
  {
    "productName": "No cookies",
    "category": "extensions",
    "image": "https://i.postimg.cc/FHKmFkjY/unnamed.jpg",
    "link": "https://shorturl.at/pAP23",
    "description": "Remove cookie warnings from almost all websites!"
  },
  {
    "productName": "Momentum",
    "category": "extensions",
    "image": "https://bit.ly/3JoG8mI",
    "link": "https://bit.ly/3JoG6v6",
    "description": "Replace new tab page with a personal dashboard to help you get focused, stay organized, and keep motivated to achieve your goals."
  },
  {
    "productName": "JSONView",
    "category": "extension",
    "image": "https://shorturl.at/uvFQ9",
    "link": "https://chrome.google.com/webstore/detail/jsonview/gmegofmjomhknnokphhckolhcffdaihd",
    "description": "This JSONView converts the JSON content into an understandable format and esay to view."
  },
  {
    "productName": "Netlify",
    "category": "tools",
    "image": "https://bit.ly/3qCeSLa",
    "link": "https://www.opensourceforu.com/wp-content/uploads/2022/02/netlify-logo.png",
    "description": "Netlify provides free hosting, deploying, and many more service to the user so the user doesn't need to worry about the hosting."
  },
  {
    "productName": "MDN Web Docs",
    "category": "tools",
    "image": "https://bit.ly/3PuJPuO ",
    "link": " https://developer.mozilla.org/en-US/ ",
    "description": " Provides information about Open Web technologies including HTML, CSS, and APIs"
},
  {
    "productName": "Magic Eraser",
    "category": "tools",
    "image": "https://bit.ly/3qCeSLa",
    "link": "https://magicstudio.com/magiceraser",
    "description": "Powerful graphics designing tool which allows designers to remove unwanted elements in an image without messing with remaining part of the image."
  },
  {
    "productName": "Overleaf",
    "category": "resume",
    "image": "https://bit.ly/3P16OO5",
    "link": "https://bit.ly/42xjijx",
    "description": "Produce beautiful documents starting from gallery of LaTeX templates for CVs."
  },
  {
    "productName": "w3schools",
    "category": "coding",
    "image": "https://bit.ly/3JiwHFx",
    "link": "https://w3schools.com/",
    "description": "Tutorials on web development, programming languages, and other related technologies"
  },
  {
    "productName": "MyEmulator",
    "category": "Gaming",
    "image": "https://bit.ly/3NBzUm8",
    "link": "https://myemulator.online/",
    "description": "Play classic video games from various gaming consoles directly in their web browsers."
  },
  {
    "productName": "Javatpoint",
    "category": "coding",
    "image": "https://bit.ly/4635MqZ",
    "link": "https://www.javatpoint.com/",
    "description": "Study materials such as tutorials, articles, and resources for Java programming and other related technologies"
  },
  {
    "productName": "Freepik",
    "category": "tools",
    "image": "https://tinyurl.com/bdfw6dyv",
    "link": "https://www.freepik.com/",
    "description": "Find and download the best high-quality photos, vectors, videos, and mockups."
  },
  {
    "productName": "Fontspace",
    "category": "tools",
    "image": "https://tinyurl.com/bdeapp7t",
    "link": "https://www.fontspace.com/",
    "description": "Free downloads of legally licensed fonts that are perfect for your design projects."
  },
  {
    "productName": "Cuvette",
    "category": "remote",
    "image": "https://bit.ly/3Nl5t3o",
    "link": "https://bit.ly/3oXcaPL",
    "description": "The #1 way college students & early graduates get Internships & Jobs"
  },
   {
    "productName": "Reduce Images",
    "category": "tools",
    "image": "https://ibb.co/SmKdz1X",
    "link": "https://www.reduceimages.com/",
    "description": "Reduce images is a free online image resizer that allows you to resize an image, change their format, compress them."
  },
  {
    "productName": "Dev Resources",
    "category": "tools",
    "image": "https://bit.ly/3MxAlNU",
    "link": "https://devresourc.es/",
    "description": "A collaborative list of resources for developers"
  },
  {
    "productName": "ABBYY FineReader",
    "category": "tools",
    "image": "https://bit.ly/43RCAkX",
    "link": "https://pdf.abbyy.com/",
    "description": "Offers powerful OCR capabilities to transform scanned documents into editable files with high accuracy."
  },
  {
    "productName": "Smallpdf",
    "category": "tools",
    "image": "https://play-lh.googleusercontent.com/6rZArbkYpvNYuTnlcPh3U8KRP4cii_Leptqx_rspIJuYKXeCeHikP2ZPcHhZKicaQeI",
    "link": "https://smallpdf.com/",
    "description": " Online platform that offers a range of tools for working with PDF files, including conversion and editing."
  },
  {
    "productName": "Font Awesome",
    "category": "tools",
    "image": "https://bit.ly/3UoicnQ",
    "link": "https://fontawesome.com/",
    "description": "Internet's icon library and toolkit, used by millions of designers, developers, and content creators"
  },
  {
    "productName": "ChatGPT Writer",
    "category": "tools",
    "image": "https://is.gd/ay5HYZ",
    "link": "https://chatgptwriter.ai/",
    "description": "Write emails & messages, fix grammar mistakes, rephrase text, change writing tone, summarize text."
  },
  {
    "productName": "Flow CV",
    "category": "resume",
    "image": "https://bit.ly/3YnFYBJ",
    "link": "https://flowcv.com/",
    "description": "A tool that is used to create beautiful resumes"
  },
  {
    "productName": "Screen Recorder",
    "category": "tools",
    "image": "https://shorturl.at/nBJQY",
    "link": "https://scre.io/",
    "description": "Record a video from the camera or capture it from the screen"
  },
  {
    "productName": "Awesome Screenshot",
    "category": "tools",
    "image": "https://avatars.slack-edge.com/2019-03-29/593781862471_95d3bb4cccb9b58821be_512.png",
    "link": "https://www.awesomescreenshot.com/",
    "description": "A tool that is used to capture customize screenshot and screen recorder"
  },
  {
    "productName": "Wonsulting",
    "category": "ai",
    "image": "https://bit.ly/40BbkWu",
    "link": "https://www.wonsulting.ai/",
    "description": "A great website to generate resumes & cover letters"
  },
  {
    "productName": "Reactive Resume",
    "category": "resume",
    "image": "https://bit.ly/3YKPTRr",
    "link": "https://rxresu.me/",
    "description": "Reactive Resume is an open-source, customizable resume builder that uses React.js."
  },
  {
    "productName": "Poet.so",
    "category": "tools",
    "image": "https://bit.ly/3IiqJUM",
    "link": "https://poet.so/",
    "description": "Capture and share Twitter posts as beautiful images."
  },
  {
    "productName": "Bitly",
    "category": "tools",
    "image": "https://bit.ly/3xnfdRH",
    "link": "https://bitly.com/",
    "description": " URL shortening and Generate QR Codes"
  },
  {
    "productName": "Contrib Rocks",
    "category": "tools",
    "image": "https://bit.ly/3Z1Fz7L",
    "link": "https://contrib.rocks/",
    "description": "Generate an image of contributors to keep your README.md in sync"
  },
  {
    "productName": "Remote OK",
    "category": "remote",
    "image": "https://bit.ly/3RQAMDP",
    "link": "https://remoteok.com/",
    "description": "Job board for remote jobs in tech and other fields."
  },
  {
    "productName": "Audio Enhancer",
    "category": "tools",
    "image": "https://shorturl.at/uxGQ3",
    "link": "https://shorturl.at/AILW3",
    "description": "Remove noise from voice recordings with speech enhancement"
  },
  {
    "productName": "Angel.co",
    "category": "remote",
    "image": "https://bit.ly/3E48AHM",
    "link": "https://angel.co/",
    "description": "Job board and networking platform for startups and investors."
  },
  {
    "productName": "Remotive",
    "category": "remote",
    "image": "https://remotive.com/remotive_website_layout/static/src/img/favicon.ico",
    "link": "https://remotive.com/",
    "description": "Remote job board and community for remote workers and employers."
  },
  {
    "productName": "Internshala",
    "category": "remote",
    "image": "https://shorturl.at/bkox6",
    "link": "https://internshala.com/student/dashboard",
    "description": "Find the best job on Internshala"
  },
  {
    "productName": "Himalayas",
    "category": "remote",
    "image": "https://bit.ly/3RXjh4H",
    "link": "https://himalayas.app/",
    "description": "Himalayas is a job board for remote workers."
  },
  {
    "productName": "KhanAcademy",
    "category": "remote",
    "image": "https://th.bing.com/th/id/OIP.krs23uVyEDRATLFhfuIjsAHaHa?pid=ImgDet&rs=1",
    "link": "https://www.khanacademy.org/",
    "description": "Khan Academy is an American non-profit educational organization created in 2006 by Sal Khan."
  },
  {
    "productName": "We Work Remotely",
    "category": "remote",
    "image": "https://t3.ftcdn.net/jpg/05/48/77/76/360_F_548777650_6prwFlpzBsIoDWoixdXuGTCb7gJHPKs0.jpg",
    "link": "https://weworkremotely.com/",
    "description": "Remote job board for a variety of industries and positions."
  },
  {
    "productName": "Remote.co",
    "category": "remote",
    "image": "https://remoteco.s3.amazonaws.com/wp-content/uploads/2017/02/retina_favicon_32.png",
    "link": "https://remote.co/",
    "description": "Remote job board and resource for remote job seekers and employers."
  },
  {
    "productName": "JustRemote",
    "category": "remote",
    "image": "https://bit.ly/3I28PEK",
    "link": "https://justremote.co/",
    "description": "Job board for remote jobs in a variety of industries and positions."
  },
  {
    "productName": "Arc.dev",
    "category": "remote",
    "image": "https://bit.ly/3Yq5Lcp",
    "link": "https://arc.dev/",
    "description": "Platform for hiring and managing remote developers and engineers."
  },
  {
    "productName": "Skip The Drive",
    "category": "remote",
    "image": "https://skipthedrive.b-cdn.net/wp-content/uploads/2023/02/favicon_32c.png",
    "link": "https://www.skipthedrive.com/",
    "description": "SkipTheDrive is a remote job board that lists work-from-home jobs."
  },
  {
    "productName": "Jobspresso",
    "category": "remote",
    "image": "https://bit.ly/3HTbQqE",
    "link": "https://jobspresso.co/",
    "description": "Remote job listings for digital nomads."
  },
  {
    "productName": "Working No Mads",
    "category": "remote",
    "image": "https://www.workingnomads.com/static/jobs/assets/favicon.ico",
    "link": "https://www.workingnomads.com/",
    "description": " Remote job board featuring a range of remote jobs across various industries."
  },
  {
    "productName": "Pika Style",
    "category": "tools",
    "image": "https://bit.ly/3jQ6g0b",
    "link": "https://pika.style/templates/tweet-image",
    "description": "Turn your tweets into cool images."
  },
  {
    "productName": "Code Beautify",
    "category": "tools",
    "image": "https://bit.ly/3xhLeL2",
    "link": "https://codebeautify.org/",
    "description": "Online tool for formatting and beautifying code."
  },
  {
    "productName": "Carbon Now",
    "category": "tools",
    "image": "https://bit.ly/3YIet5A",
    "link": "https://carbon.now.sh/",
    "description": "Online tool for creating and sharing beautiful code snippets."
  },
  {
    "productName": "Ray.so",
    "category": "tools",
    "image": "https://bit.ly/40HNhpc",
    "link": "https://ray.so/",
    "description": "Online tool for creating and sharing beautiful and customizable code."
  },
  {
    "productName": "100L5",
    "category": "tools",
    "image": "https://bit.ly/40N3r0C",
    "link": "https://10015.io/",
    "description": "Platform for generating interactive digital experiences using visual scripting."
  },
  {
    "productName": "ReadMe Generator",
    "category": "tools",
    "image": "https://bit.ly/3IjJ97J",
    "link": "https://github-profile-readme-generator-47w21mt0m-rahuldkjain.vercel.app/",
    "description": "Automated tool for generating project README files."
  },
  {
    "productName": "Code Pen",
    "category": "tools",
    "image": "https://bit.ly/2I9FxYw",
    "link": "https://codepen.io/",
    "description": "Front-end web development and code sharing."
  },
  {
    "productName": "Toptal",
    "category": "remote",
    "image": "https://frontier-assets.toptal.com/c4a9fd60eec9d204fb7d.png",
    "link": "https://www.toptal.com/",
    "description": "Freelance talent marketplace."
  },
  {
    "productName": "DevSnap",
    "category": "remote",
    "image": "https://bit.ly/3JXDA02",
    "link": "https://devsnap.me/",
    "description": "Tech news aggregator and developer resources website."
  },
  {
    "productName": "Up Work",
    "category": "remote",
    "image": "https://www.upwork.com/favicon.ico",
    "link": "https://www.upwork.com/",
    "description": "Freelance job marketplace connecting businesses with remote freelancers."
  },
  {
    "productName": "PNGWING",
    "category": "tools",
    "image": "https://bit.ly/3xgMy0L",
    "link": "https://www.pngwing.com/",
    "description": "Online platform for downloading high-quality PNG "
  },
  {
    "productName": "Readme.so",
    "category": "tools",
    "image": "https://readme.so/readme.png",
    "link": "https://readme.so/editor",
    "description": "Free README templates to make your project stand out."
  },
  {
    "productName": "GPRM [Readme]",
    "category": "tools",
    "image": "https://gprm.itsvg.in/logo.png",
    "link": "https://gprm.itsvg.in/",
    "description": "Customizable README file for GitHub projects."
  },
  {
    "productName": "Hired.com",
    "category": "remote",
    "image": "https://bit.ly/3EjH1up",
    "link": "https://hired.com/",
    "description": "Talent marketplace connecting businesses with top tech talent."
  },
  {
    "productName": "Jsonlint.com",
    "category": "tools",
    "image": "https://jsonlint.com/favicon.ico",
    "link": "https://jsonlint.com",
    "description": "Online JSON validator and formatter."
  },
  {
    "productName": "Figma.com",
    "category": "tools",
    "image": "https://bit.ly/3zBVwqF",
    "link": "https://www.figma.com/",
    "description": " Online design and prototyping tool."
  },
  {
    "productName": "smalldev",
    "category": "tools",
    "image": "https://smalldev.tools/favicon.png",
    "link": "https://smalldev.tools",
    "description": "Fast, ad-free, and privacy-first solution for streamlined development."
  },
  {
    "productName": "jsonformatter",
    "category": "tools",
    "image": "https://bit.ly/3zybQZn",
    "link": "https://jsonformatter.org/",
    "description": "Online JSON formatter and validator."
  },
  {
    "productName": "Kick Resume",
    "category": "resume",
    "image": "https://bit.ly/3Slt9FG",
    "link": "https://www.kickresume.com/en/",
    "description": "Online resume builder and career advice platform."
  },
  {
    "productName": "Resume Maker.AI",
    "category": "resume",
    "image": "https://bit.ly/3XNlQHP",
    "link": "https://resumaker.ai/",
    "description": "AI-powered online resume builder."
  },
  {
    "productName": "Resumai",
    "category": "resume",
    "image": "https://bit.ly/3IKg8SK",
    "link": "https://www.resumai.com/",
    "description": "AI-powered online resume builder with personalized feedback and analysis."
  },
  {
    "productName": "Rezi.AI",
    "category": "resume",
    "image": "https://bit.ly/41lWvYv",
    "link": "https://www.rezi.ai/",
    "description": "Online resume and cover letter builder with AI-powered keyword optimization."
  },
  {
    "productName": "Bugcrowd",
    "category": "ethical",
    "image": "https://bit.ly/3xQvqz9",
    "link": "https://www.bugcrowd.com/",
    "description": "Crowdsourced security testing platform for finding and fixing security vulnerabilities."
  },
  {
    "productName": "Hackthisiste",
    "category": "ethical",
    "image": "https://bit.ly/3ZYDXMm",
    "link": "https://www.hackthissite.org/",
    "description": "Online security and hacking challenge website for educational purposes."
  },
  {
    "productName": "Hackerone",
    "category": "ethical",
    "image": "https://bit.ly/3m2i7tn",
    "link": "https://hackerone.com/",
    "description": "Platform for managing and incentivizing vulnerability disclosure programs."
  },
  {
    "productName": "m0chan",
    "category": "ethical",
    "image": "https://bit.ly/3Y3S0Pz",
    "link": "https://m0chan.github.io/",
    "description": "Cybersecurity blog and resource hub."
  },
  {
    "productName": "Hacker101",
    "category": "ethical",
    "image": "https://bit.ly/3UeTiXB",
    "link": "https://www.hacker101.com/",
    "description": "Free online training platform for web security and bug bounty hunting."
  },
  {
    "productName": "Tryhackme",
    "category": "ethical",
    "image": "https://bit.ly/3SsfjS2",
    "link": "https://tryhackme.com/",
    "description": "Online platform for learning and practicing cybersecurity skills through interactive labs and challenges."
  },
  {
    "productName": "cve mitre",
    "category": "ethical",
    "image": "https://bit.ly/3KBvpGK",
    "link": "https://cve.mitre.org/",
    "description": "Cybersecurity vulnerability dictionary and resource hub."
  },
  {
    "productName": "Hackthebox",
    "category": "ethical",
    "image": "https://bit.ly/439I9va",
    "link": "https://www.hackthebox.com/",
    "description": "Online platform for learning and practicing ethical hacking skills."
  },
  {
    "productName": "owasp",
    "category": "ethical",
    "image": "https://bit.ly/3nNdJ1O",
    "link": "https://owasp.org/",
    "description": "Community-driven organization focused on improving software security."
  },
  {
    "productName": "crackstation",
    "category": "ethical",
    "image": "https://bit.ly/3ZDAgv3",
    "link": "https://crackstation.net/",
    "description": "Online password cracking and recovery service."
  },
  {
    "productName": "owasp cheetsheet",
    "category": "ethical",
    "image": "https://bit.ly/3KzvhI7",
    "link": "https://cheatsheetseries.owasp.org/",
    "description": "Practical guide to software security best practices."
  },
  {
    "productName": "Cryptohack",
    "category": "ethical",
    "image": "https://bit.ly/3Z0vQiB",
    "link": "https://cryptohack.org/",
    "description": "Online platform for learning and practicing cryptography skills."
  },
  {
    "productName": "OSINT Framework",
    "category": "ethical",
    "image": "https://bit.ly/3zwmZKr",
    "link": "https://osintframework.com/",
    "description": "Comprehensive resource hub for open-source intelligence"
  },
  {
    "productName": "Colorhunt",
    "category": "web",
    "image": "https://bit.ly/3Kz550h",
    "link": "https://colorhunt.co/",
    "description": "Color inspiration and palette generator tool for designers."
  },
  {
    "productName": "Evergreen",
    "category": "web",
    "image": "https://evergreen.segment.com/evergreen-logo.svg",
    "link": "https://evergreen.segment.com/",
    "description": "Evergreen is a React UI Framework for building ambitious products on the web. Brought to you by Segment."
  },
  {
    "productName": "CSSPortal",
    "category": "web",
    "image":"https://www.cssportal.com/assets/images/cssicon.png",
    "link": "https://www.cssportal.com/",
    "description": "CSS Portal is home to many examples of CSS and how it can be used in website design."
  },
  {
    "productName": "daisyUI",
    "category": "web",
    "image": "https://raw.githubusercontent.com/saadeghi/files/main/daisyui/logo-4.svg",
    "link": "https://daisyui.com/",
    "description": "daisyUI adds component class names to Tailwind CSS so you can make beautiful websites faster than ever."
  },
  {
    "productName": "Flowbite",
    "category": "web",
    "image": "https://flowbite.com/docs/images/logo.svg",
    "link": "https://flowbite.com/docs/getting-started/introduction/",
    "description": "Start developing with an open-source library of over 600+ UI components built with the utility classes from Tailwind CSS."
  },
  {
    "productName": "Glide.js",
    "category": "web",
    "image": "https://avatars.githubusercontent.com/u/37380006?v=4",
    "link": "https://glidejs.com/",
    "description": "Glide.js is a dependency-free JavaScript ES6 slider and carousel. It’s lightweight, flexible and fast. Designed to slide."
  },
  {
    "productName": "Sass",
    "category": "web",
    "image": "https://sass-lang.com/assets/img/logos/logo-b6e1ef6e.svg",
    "link": "https://sass-lang.com/",
    "description": "CSS with superpowers. Sass is the most mature, stable, and powerful professional grade CSS extension language in the world."
  },
  {
    "productName": "Tailwind CSS",
    "category": "web",
    "image": "https://upload.wikimedia.org/wikipedia/commons/d/d5/Tailwind_CSS_Logo.svg",
    "link": "https://tailwindcss.com/",
    "description": "Tailwind CSS is a utility-first CSS framework for rapidly building modern websites without ever leaving your HTML."
  },
  {
    "productName": "Chart.js",
    "category": "web",
    "image": "https://www.chartjs.org/img/chartjs-logo.svg",
    "link": "https://www.chartjs.org/",
    "description": "Simple yet flexible JavaScript charting library for the modern web."
  },
  {
    "productName": "Sitepoint",
    "category": "web",
    "image": "https://bit.ly/3IyNvXB",
    "link": "https://www.sitepoint.com/",
    "description": "Online platform for web development and design tutorials."
  },
  {
    "productName": "css tricks",
    "category": "web",
    "image": "https://bit.ly/3kt5mal",
    "link": "https://css-tricks.com/",
    "description": "Online resource for web designers and developers to learn and share CSS tricks and tips."
  },
  {
    "productName": "web designer Depot",
    "category": "web",
    "image": "https://t3.ftcdn.net/jpg/04/06/91/94/360_F_406919447_kAcC5gdh1rpYlVxwMfHtUTGf24PUYSq8.jpg",
    "link": "https://www.webdesignerdepot.com/",
    "description": "Online resource for web design news, tips, and tutorials."
  },
  {
    "productName": "Themeforest",
    "category": "web",
    "image": "https://bit.ly/3m0ZW6N",
    "link": "https://themeforest.net/",
    "description": "Online marketplace for buying and selling website templates and themes."
  },
  {
    "productName": "CSS Gradient",
    "category": "web",
    "image": "https://bit.ly/3EGBUV9",
    "link": "https://cssgradient.io/",
    "description": "Collection of CSS gradients for web designers and developers."
  },
  {
    "productName": "Get Waves",
    "category": "web",
    "image": "https://bit.ly/3IUfGSg",
    "link": "https://getwaves.io/",
    "description": "SVG wave generator for web design backgrounds."
  },
  {
    "productName": "CodeSandBox",
    "category": "web",
    "image": "https://www.saashub.com/images/app/service_logos/9/ae995212f366/large.png?1528180811",
    "link": "https://codesandbox.io/",
    "description": "Online code editor and developer collaboration platform."
  },
  {
    "productName": "Mesh Gradient",
    "category": "web",
    "image": "https://bit.ly/3KUNHDt",
    "link": "https://products.ls.graphics/mesh-gradients/",
    "description": "Gradient mesh generator for creating unique and dynamic design backgrounds."
  },
  {
    "productName": "Illustrations",
    "category": "web",
    "image": "https://bit.ly/3ZhaVra",
    "link": "https://www.freepik.com/vectors/illustrations",
    "description": "Library of free illustrations for web design and graphic design projects."
  },
  {
    "productName": "Device Shots",
    "category": "web",
    "image": "https://bit.ly/3m8mQta",
    "link": "https://deviceshots.com/",
    "description": "Online tool for generating device mockups for website and app design."
  },
  {
    "productName": "Coolors",
    "category": "web",
    "image": "https://bit.ly/3kq0zq4",
    "link": "https://coolors.co/",
    "description": "Collection of color palettes for web design and graphic design."
  },
  {
    "productName": "Dev Docs",
    "category": "web",
    "image": "https://bit.ly/3StX6TY",
    "link": "https://devdocs.io/",
    "description": "Comprehensive documentation hub for web development technologies and tools."
  },
  {
    "productName": "Splide js",
    "category": "web",
    "image": "https://bit.ly/3StX6TY",
    "link": "https://splidejs.com/",
    "description": "Lightweight, flexible, and responsive slider and carousel plugin for JavaScript."
  },
  {
    "productName": "babel js",
    "category": "web",
    "image": "https://bit.ly/3xPrHBY",
    "link": "https://babeljs.io/",
    "description": "JavaScript compiler that transforms modern JavaScript code into backward-compatible versions."
  },
  {
    "productName": "js fiddle",
    "category": "web",
    "image": "https://bit.ly/3ktrJwk",
    "link": "https://jsfiddle.net/",
    "description": "Online playground for testing, sharing, and collaborating on web code snippets."
  },
  {
    "productName": "box-shadow",
    "category": "web",
    "image": "https://bit.ly/3ITuAIg",
    "link": "https://box-shadow.dev/",
    "description": "Online tool for generating box shadow CSS code."
  },
  {
    "productName": "unminify",
    "category": "web",
    "image": "https://bit.ly/3Y32LSi",
    "link": "https://unminify.com/",
    "description": "Online tool for unminifying minified JavaScript, CSS, and HTML code."
  },
  {
    "productName": "flaticon",
    "category": "web",
    "image": "https://th.bing.com/th/id/OIP.MHkSy2nH23lZjX3d47rBIwHaD4?w=319&h=180&c=7&r=0&o=5&dpr=1.3&pid=1.7",
    "link": "https://www.flaticon.com/",
    "description": "Collection of free vector icons for web design and graphic design."
  },
  {
    "productName": "Fireship",
    "category": "web",
    "image": "https://avatars.githubusercontent.com/u/46283609?s=280&v=4",
    "link": "https://fireship.io/lessons/tailwind-tutorial/",
    "description": "Fireship provides blazingly fast && highly-amusing tricks for TailwindCss."
  },
  {
    "productName": "Friv",
    "category": "tools",
    "image": "https://www.friv.com/z/assets/img/frivLogoBrightGreenMin.svg",
    "link": "https://friv.com/",
    "description": "Free online gaming portal for small games."
  },
  {
    "productName": "veed",
    "category": "tools",
    "image": "https://bit.ly/3nOHL5n",
    "link": "https://www.veed.io/",
    "description": "Online video editing and creation platform."
  },
  {
    "productName": "tiny cloud",
    "category": "tools",
    "image": "https://bit.ly/3Z4tv68",
    "link": "https://www.tiny.cloud/",
    "description": "Cloud-based rich text editor and content creation platform."
  },
  {
    "productName": "news api",
    "category": "tools",
    "image": "https://bit.ly/3xSWwG8",
    "link": "https://newsapi.org/account",
    "description": "API for accessing and searching news articles from around the world."
  },
  {
    "productName": "wetransfer",
    "category": "tools",
    "image": "https://bit.ly/3MilDu4",
    "link": "https://wetransfer.com/",
    "description": "Online file transfer and sharing service."
  },
  {
    "productName": "photopea",
    "category": "tools",
    "image": "https://bit.ly/3YZGSVi",
    "link": "https://www.photopea.com/",
    "description": "Free online editor supporting PSD, XCF, Sketch, XD, and CDR formats.(Adobe Photoshop, GIMP, Sketch App, Adobe XD, corelDRAW) "
  },
  {
    "productName": "theuselessweb",
    "category": "tools",
    "image": "https://bit.ly/3Z1kMBI",
    "link": "https://theuselessweb.com/",
    "description": "Website that randomly takes you to other random, quirky, and amusing websites."
  },
  {
    "productName": "imgbb",
    "category": "tools",
    "image": "https://bit.ly/3UaIbyR",
    "link": "https://imgbb.com/",
    "description": "Allows people to upload and share images from their online databases"
  },
  {
    "productName": "avatars dicebear",
    "category": "tools",
    "image": "https://bit.ly/42ZBkfI",
    "link": "https://avatars.dicebear.com/",
    "description": "Customizable and fun avatar generator for developers and designers."
  },
  {
    "productName": "pfpmaker",
    "category": "tools",
    "image": "https://bit.ly/3K4xppa",
    "link": "https://pfpmaker.com/",
    "description": "Profile picture generator with customizable designs and templates."
  },
  {
    "productName": "jwt",
    "category": "tools",
    "image": "https://bit.ly/3XWzjx3",
    "link": "https://jwt.io/",
    "description": "JSON Web Tokens for authentication and authorization in web applications."
  },
  {
    "productName": "yandex",
    "category": "tools",
    "image": "https://bit.ly/3ZnKUX1",
    "link": "https://yandex.com/",
    "description": "Russian multinational technology company that offers internet-related services and products."
  },
  {
    "productName": "Hardhat",
    "category": "tools",
    "image": "https://bit.ly/3Ym6BWz",
    "link": "https://hardhat.org",
    "description": "Ethereum development environment for building and testing smart contracts."
  },
  {
    "productName": "Truffle",
    "category": "tools",
    "image": "https://bit.ly/3ISKRMp",
    "link": "https://trufflesuite.com",
    "description": "Ethereum development framework for building decentralized applications (dApps)."
  },
  {
    "productName": "CodeGreeper",
    "category": "tools",
    "image": "https://bit.ly/3KzNjJJ",
    "link": "https://www.codegrepper.com",
    "description": "Chrome extension that generate code snippets on search ."
  },
  {
    "productName": "Notion",
    "category": "tools",
    "image": "https://t.ly/_eHX",
    "link": "https://notion.so/",
    "description": "Productivity tool for everything you need."
  },
  {
    "productName": "ILovePDF",
    "category": "tools",
    "image": "https://t.ly/Ep_z",
    "link": "https://www.ilovepdf.com/",
    "description": "Every tool you need to use PDFs, at your fingertips."
  },
  {
    "productName": "PDF Drive",
    "category": "tools",
    "image": "https://bit.ly/40Xhh00",
    "link": "https://www.pdfdrive.com/",
    "description": "PDF Drive is a search engine for downloading PDF files and books."
  },
  {
    "productName": "Aicolor.co",
    "category": "tools",
    "image": "https://tinyurl.com/39ss2jf8",
    "link": "https://aicolors.co/",
    "description": "AI Color Palette Generator - Visualize and Generate Unique Palettes"
  },
  {
    "productName": "ColorPick Eyedropper",
    "category": "extensions",
    "image": "https://bit.ly/3lNJ3N9",
    "link": "http://bit.ly/3LZLQNT",
    "description": "A color picker that allows you to select color values from webpages."
  },
  {
    "productName": "GoFullPage",
    "category": "extensions",
    "image": "https://bit.ly/3KgAEeA",
    "link": "http://bit.ly/40K4cXr",
    "description": "Capture a full page screenshot of your current web page."
  },
  {
    "productName": "JSON Viewer Pro",
    "category": "extensions",
    "image": "https://bit.ly/3LZPKq1",
    "link": "http://bit.ly/3TOtEJf",
    "description": "Beautify Json in Browser, visualize tree, collapse, text highlighting."
  },
  {
    "productName": "Pesticide for Chrome",
    "category": "extensions",
    "image": "https://bit.ly/40pIfxc",
    "link": "http://bit.ly/3zygQNT",
    "description": "Injecting CSS, outlining each element to better see placement on the page."
  },
  {
    "productName": "Picture-in-Picture",
    "category": "extensions",
    "image": "https://bit.ly/40LXj8b",
    "link": "http://bit.ly/3lPZngy",
    "description": "Watch video using Picture-in-Picture, while doing another work."
  },
  {
    "productName": "Responsive Tester",
    "category": "extensions",
    "image": "https://bit.ly/42RAhi3",
    "link": "http://bit.ly/40pKccY",
    "description": "Test responsive web designs or mobile pages and see if it is mobile friendly."
  },
  {
    "productName": "Responsive Viewer",
    "category": "extensions",
    "image": "https://bit.ly/3TUIw92",
    "link": "http://bit.ly/40sgLai",
    "description": "Test multiple screens at once for web designs or mobile pages."
  },
  {
    "productName": "Temp Mail",
    "category": "extensions",
    "image": "https://bit.ly/42RCaeD",
    "link": "http://bit.ly/40qQZTD",
    "description": "Provides Temporary disposable email address."
  },
  {
    "productName": "Web Developer",
    "category": "extensions",
    "image": "https://bit.ly/3nv8lAj",
    "link": "https://bit.ly/3TRJeUk",
    "description": "Remove Javascript, css styles, apis from any website."
  },
  {
    "productName": "META SEO inspector",
    "category": "extensions",
    "image": "https://bit.ly/411vfhh",
    "link": "http://bit.ly/3JUCLTU",
    "description": "Inspect meta data of web pages, find issues and get advices to fix them."
  },
  {
    "productName": "React Developer Tools",
    "category": "extensions",
    "image": "https://bit.ly/43031Fo",
    "link": "http://bit.ly/3LZceHK",
    "description": "Best developer tool for React developers."
  },
  {
    "productName": "CORS Changer",
    "category": "extensions",
    "image": "https://bit.ly/3LZR6RD",
    "link": "http://bit.ly/3LZFLBl",
    "description": "This plugin allows you to send cross-domain requests."
  },
  {
    "productName": "LeetSync",
    "category": "extensions",
     "image": "https://bit.ly/43lwVDw",
    "link": "https://chrome.google.com/webstore/detail/leetsync-leetcode-to-gith/ppkbejeolfcbaomanmbpjdbkfcjfhjnd",
    "description": "Integrate Leetcode submission to GitHub"
  },
  {
    "productName": "Excalidraw",
    "category": "tools",
     "image": "https://shorturl.at/myBPW",
    "link": "https://excalidraw.com/",
    "description": "Virtual whiteboard for sketching hand-drawn diagrams ,very useful for content creation"
  },
  {
    "productName": "Grammarly",
    "category": "extensions",
    "image": "https://bit.ly/3xg1goX",
    "link": "https://app.grammarly.com/",
    "description": "Writing assistance tool"
  },
  {
    "productName": "Wordtune",
    "category": "extensions",
    "image": "https://uploads-ssl.webflow.com/5f7e0f9d75fee6f6f546df46/62c18c97efce291098cf0656_Favicon.png",
    "link": "https://chrome.google.com/webstore/detail/wordtune-ai-powered-writi/nllcnknpjnininklegdoijpljgdjkijc",
    "description": "AI-powered writing tool."
  },
  {
    "productName": "AdBlock",
    "category": "extensions",
    "image": "https://bit.ly/3K3rqmo",
    "link": "https://chrome.google.com/webstore/detail/adblock-%E2%80%94-best-ad-blocker/gighmmpiobklfepjocnamgkkbiglidom",
    "description": "A popular ad-blocking browser extension."
  },
  {
    "productName": "Text Blaze",
    "category": "extensions",
    "image": "https://lh3.googleusercontent.com/iCQO7yxKPsoAiDzaX00nWICmeba4Fj4t7ZCDzgHuWy_qU97aGTzxlju1WjdudTkQRM4Iz7ofusYXeuqesfpgZiHoeA=w128-h128-e365-rj-sc0x00ffffff",
    "link": "https://chrome.google.com/webstore/detail/text-blaze/idgadaccgipmpannjkmfddolnnhmeklj",
    "description": "Create Text shortcuts and templates."
  },
  {
    "productName": "What Font",
    "category": "extensions",
    "image": "https://lh3.googleusercontent.com/qrvzzCG9OBYxVI4IHz7SVIPx9NgDtr4YMCzvg_dsFAbPo6b1o1NGWy5OHQCB27MQ8lyv9P8qhloNdxtpyYwpgsC8Qw=w128-h128-e365-rj-sc0x00ffffff",
    "link": "https://chrome.google.com/webstore/detail/what-font-find-font/acpcapnaopbhbelhmbbmppghilclpkep/related",
    "description": "Find what fonts used on a website."
  },
  {
    "productName": "Black Box",
    "category": "extensions",
    "image": "https://lh3.googleusercontent.com/q5uwqkllozidCFMBRQX2-wq8n6OjVM_ZKojN_pHWiwL8N84tx7AZwdBwO4GgFjs9K4qXGJUKBVd8RS9l8aDeowXb4A=w128-h128-e365-rj-sc0x00ffffff",
    "link": "https://chrome.google.com/webstore/detail/blackbox-code-search-auto/mcgbeeipkmelnpldkobichboakdfaeon",
    "description": "Fastest Way to Copy Text from Videos & Images."
  },
  {
    "productName": "Keepa",
    "category": "extensions",
    "image": "https://lh3.googleusercontent.com/zUc7eHFi6dIRS4Mednn9Q1aOZEP9lhjxXiMkAddWOc7pSEH5Xw4lbGpXdyCrZvfuL1IpN0FwFHwl5wX4WJtCbJXIbw=w128-h128-e365-rj-sc0x00ffffff",
    "link": "https://chrome.google.com/webstore/detail/keepa-amazon-price-tracke/neebplgakaahbhdphmkckjjcegoiijjo",
    "description": "Amazon Price tracker, get alerts for low price."
  },
  {
    "productName": "Screenity",
    "category": "extensions",
    "image": "https://lh3.googleusercontent.com/xmxP2xn5EzAfFMw7oLzFwuqcrxZ5nwix6eqD8N_TLg3PeDtKfPLdDOavKRqizfs7ip6hAzsYCEEuUo6F9MMevQo=w128-h128-e365-rj-sc0x00ffffff",
    "link": "https://chrome.google.com/webstore/detail/screenity-screen-recorder/kbbdabhdfibnancpjfhlkhafgdilcnji",
    "description": "Screen Recorder & Annotation Tool."
  },
  {
    "productName": "Link to Text",
    "category": "extensions",
    "image": "https://lh3.googleusercontent.com/gzBfjC7ELxkc9qQzzQ-182huodAGmrt2DtFsusok6BkoCuCbKM2nz_5duNUzSPBwxABDHY8KhiBlcoENKrcPOm9FWg=w128-h128-e365-rj-sc0x00ffffff",
    "link": "https://chrome.google.com/webstore/detail/link-to-text-fragment/pbcodcjpfjdpcineamnnmbkkmkdpajjg",
    "description": "Link and share a particular text fragment on a website."
  },
  {
    "productName": "Wappalyzer",
    "category": "extensions",
    "image": "https://bit.ly/3G1QPtL",
    "link": "http://bit.ly/3G0OoYB",
    "description": "Identify Tech Stack or Web technologies used in any website."
  },
  {
    "productName": "Pogo",
    "category": "movies",
    "image": "https://t.ly/8g29",
    "link": "https://pogolinks.art/ ",
    "description": "Website to download latest movies and webseries"
  },
  {
    "productName": "Zoro.to",
    "category": "movies",
    "image": "https://bit.ly/3l7SXcm",
    "link": "https://zoro.to/",
    "description": "Website to stream your favorite anime for free"
  },
  {
    "productName": "Soap2Day",
    "category": "movies",
    "image": "https://bit.ly/429nzdU",
    "link": "https://ww.soap2dayfree.net/home/",
    "description": "Stream movies freely"
  },
  {
    "productName": "Moviesmod",
    "category": "movies",
    "image": "https://bit.ly/3ZMrGen",
    "link": "https://moviesmod.one/",
    "description": "Download HD quality movies and series"
  },
  {
    "productName": "Download Hub",
    "category": "movies",
    "image": "https://bit.ly/3Kd6eIZ",
    "link": "https://downloadhub.dance/",
    "description": "Download HD quality movies and series"
  },
  {
    "productName": "9animetv",
    "category": "movies",
    "image": "https://bit.ly/3yHAxlC",
    "link": "https://9animetv.to/",
    "description": "Website to stream your favorite anime for free"
  },
  {
    "productName": "MoviesNation",
    "category": "movies",
    "image": "https://bit.ly/3Zn3s9F",
    "link": "https://moviesnation.mx/",
    "description": "Website to download US and Korean shows and movies"
  },
  {
    "productName": "GPT Zero",
    "category": "ai",
    "image": "https://bit.ly/3FZ3cXw",
    "link": "https://gptzero.me/",
    "description": "An AI tool can be used to check for plagiarism and determine whether a sentence was written by a human or an AI program."
  },
  {
    "productName": "Resumemaker.ai",
    "category": "ai",
    "image": "https://shorturl.at/cxMV3",
    "link": "https://resumaker.ai/",
    "description": "Resumemaker.ai help the developer to create their resume freely and with efficiently."
  },
  {
    "productName": "ChatGPT",
    "category": "ai",
    "image": "https://bit.ly/40DElQS",
    "link": "https://chat.openai.com/",
    "description": "a language model AI program for generating human-like text responses"
  },
  {
    "productName": "Blackbox",
    "category": "ai",
    "image": "https://rb.gy/s26e",
    "link": "https://www.useblackbox.io/",
    "description": "BLACKBOX is your AI-Powered Coding Assistant so you can {Code} 10X Faster and Better"
  },
  {
    "productName": "Big Ω",
    "category": "extensions",
    "image": "https://shutr.bz/3Kz9GiB",
    "link": "https://bit.ly/435pBfH",
    "description": "Enhance Leetcode experience with company tags like premium version"
  },
  {
    "productName": "Krisp Ai",
    "category": "ai",
    "image": "https://krisp.ai/wp-content/uploads/2023/03/cropped-favicon-32x32.png",
    "link": "https://krisp.ai",
    "description": "Krisp improves the productivity of online meetings with its AI-powered Voice Clarity and Meeting Assistant."
  },
  {
    "productName": "Beatoven",
    "category": "ai",
    "image": "https://www.beatoven.ai/favicon1.ico",
    "link": "https://www.beatoven.ai",
    "description": "Create customisable royalty free music that elevates your story"
  },
  {
    "productName": "Scribe",
    "category": "ai",
    "image": "https://assets-global.website-files.com/615f415173b71a5211e28de7/616cf0290dd54fb6f054435b_WFFavicon.png",
    "link": "https://scribehow.com/",
    "description": "Automatically creates a how-to guide, complete with screenshots, instructions and clicks."
  },
  {
    "productName": "Ask Your PDF",
    "category": "ai",
    "image": "https://bit.ly/3GOyO2y",
    "link": "https://askyourpdf.com/",
    "description": "Discover a new level of PDF interaction with our gateway for dynamic and intelligent conversations."
  },
  {
    "productName": "Tome",
    "category": "ai",
    "image": "https://bit.ly/3UGT63J",
    "link": "https://beta.tome.app/",
    "description": "Tome helps people tell great stories."
  },
  {
    "productName": "ChatGPT-sidebar",
    "category": "extensions",
    "image": "https://bit.ly/41aJCAb",
    "link": "https://chrome.google.com/webstore/detail/chatgpt-sidebar-support-g/difoiogjjojoaoomphldepapgpbgkhkb",
    "description": "Select any text,  explain it, translate it, summarize it or rewrite it, do anything with the ChatGPT Sidebar!"
  },
  {
    "productName": "Super Normal",
    "category": "ai",
    "image": "https://bit.ly/43HiSJ7",
    "link": "https://supernormal.com/",
    "description": "Supernormal helps you create amazing meeting notes without lifting a finger"
  },
  {
    "productName": "Magical",
    "category": "ai",
    "image": "https://bit.ly/43JO3na",
    "link": "https://magical.so/",
    "description": "Magical Manage meetings, scheduling, and notes directly from browser tabs"
  },
  {
    "productName": "Removal",
    "category": "ai",
    "image": "https://bit.ly/3LdhLK2",
    "link": "https://removal.ai/",
    "description": "Remove Background From Image for Free Using Artificial Intelligence"
  },
  {
    "productName": "Friday",
    "category": "tools",
    "image": "https://bit.ly/41J2PZC",
    "link": "https://friday.app/",
    "description": "Optimize your business with top-rated software tools"
  },
  {
    "productName": "Ideasai",
    "category": "ai",
    "image": "https://bit.ly/41KHsqT",
    "link": "https://ideasai.com/",
    "description": "This platform helps you find the best ideas to start your startup"
  },
  {
    "productName": "Merlin",
    "category": "extensions",
    "image": "https://bit.ly/3USMSOn",
    "link": "https://bit.ly/3KTEuJP",
    "description": "Merlin is a ChatGPT Assistant for All Websites"
  },
  {
    "productName": "Emojipedia",
    "category": "tools",
    "image": "https://bit.ly/3UXQDBY",
    "link": "https://emojipedia.org/",
    "description": "A place of collections of Emoji"
  },
  {
    "productName": "CleanVoice",
    "category": "tools",
    "image": "https://s3-eu-west-1.amazonaws.com/tpd/logos/613f6a30dc3b50001d3e4f61/0x0.png",
    "link": "https://cleanvoice.ai/",
    "description": "Automatically edit your podcast episodes"
  },
  {
    "productName": "Redux DevTools",
    "category": "extensions",
    "image": "https://bit.ly/41NgP54",
    "link": "https://bit.ly/3ncMNbU",
    "description": "Redux DevTools for debugging application's state changes."
  },
  {
    "productName": "MetaMask",
    "category": "extensions",
    "image": "https://bit.ly/423Iw9p",
    "link": "https://bit.ly/421AAp4",
    "description": "MetaMask is an extension for accessing Ethereum enabled distributed applications in your browser!"
  },
  {
    "productName": "Chaijs",
    "category": "tools",
    "image": "https://is.gd/UcyQiZ",
    "link": "https://www.chaijs.com/",
    "description": "Chai is a BDD / TDD assertion library for node"
  },
  {
    "productName": "Mochajs",
    "category": "tools",
    "image": "https://bit.ly/42fBMFP",
    "link": "https://mochajs.org/",
    "description": "Mocha is a feature-rich JavaScript test framework"
  },
  {
    "productName": "Chai matchers",
    "category": "tools",
    "image": "https://shorturl.at/dfBCH",
    "link": "https://ethereum-waffle.readthedocs.io/en/latest/matchers.html",
    "description": "A set of sweet chai matchers, makes your test easy to write and read. "
  },
  {
    "productName": "OpenGraph",
    "category": "tools",
    "image": "https://ogp.me/logo.png",
    "link": "https://www.opengraph.xyz/",
    "description": "Free Meta Tag Generator and preview all Open Graph meta tags in one place"
  },
  {
    "productName": "Testing Playground",
    "category": "extensions",
    "image": "https://rb.gy/yd6kd",
    "link": "https://rb.gy/x7tcl",
    "description": "Helps you find the best queries when testing a React application."
  },
  {
    "productName": "unDraw",
    "category": "tools",
    "image": "https://is.gd/VQBVZP",
    "link": "https://undraw.co/",
    "description": "Create better designed websites, products and applications"
  },
  {
    "productName": "Link Save",
    "category": "extensions",
    "image": "https://rb.gy/ubckl",
    "link": "https://rb.gy/w7yaw",
    "description": "Save the links of all open tabs to read later"
  },
  {
    "productName": "Gamma AI",
    "category": "ai",
    "image": "https://ik.imagekit.io/aifinder/logos/gamma.webp",
    "link": "https://gamma.app/",
    "description": "A new medium for Presenting ideas which convert into presentation"
  },
  {
    "productName": "Compose AI",
    "category": "extensions",
    "image": "https://rb.gy/fpi1n",
    "link": "https://rb.gy/o9zip",
    "description": "Accelerate your writing in the browser using AI"
  },
  {
    "productName": "Screencastify",
    "category": "extensions",
    "image": "https://rb.gy/9qugc",
    "link": "https://rb.gy/afqj9",
    "description": "Chrome leading extension to capture, edit and share videos in seconds."
  },
  {
    "productName": "FuturePedia",
    "category": "tools",
    "image": "https://is.gd/qAYeL2",
    "link": "https://www.futurepedia.io/",
    "description": "THE LARGEST AI TOOLS DIRECTORY, UPDATED DAILY"
  },
  {
    "productName": "Remix Icon",
    "category": "tools",
    "image": "https://bit.ly/44V3RnV",
    "link": "https://remixicon.com/",
    "description": "Open-source neutral-style system icons."
  },
  {
    "productName": "CSS Peeper",
    "category": "extensions",
    "image": "https://rb.gy/r2if4",
    "link": "https://rb.gy/muo7f",
    "description": "Extract CSS and build beautiful style guides."
  },
  {
    "productName": "I2Symbol",
    "category": "tools",
    "image": "https://bit.ly/3LIdEVo",
    "link": "https://www.i2symbol.com/",
    "description": "Website with loads of symbols, smileys, emojis, stickers to choose from."
  },
  {
    "productName": "Clear Cache",
    "category": "extensions",
    "image": "https://rb.gy/gx2k6",
    "link": "https://rb.gy/tlvey",
    "description": "Clear your cache and browsing data with a single click of a button."
  },
  {
    "productName": "AnimeSuge",
    "category": "movies",
    "image": "https://bit.ly/42GEqEq",
    "link": "https://animesuge.to/",
    "description": "A free source to watch all your favourite and latest anime."
  },
  {
    "productName": "Postwise",
    "category": "ai",
    "image": "https://rb.gy/v5127",
    "link": "https://postwise.ai/",
    "description": "Craft engaging posts with AI, schedule effortlessly and watch your followers grow."
  },
  {
    "productName": "tl;dv",
    "category": "ai",
    "image": "https://rb.gy/n2l6w",
    "link": "https://tldv.io/",
    "description": "AI-Powered Meeting Recorder for Zoom and Google Meet."
  },
  {
    "productName": "Beautiful AI",
    "category": "ai",
    "image": "https://rb.gy/fcnrr",
    "link": "https://www.beautiful.ai/",
    "description": "Helps you create stunning presentations in minutes."
  },
  {
    "productName": "OneTab",
    "category": "extensions",
    "image": "https://bit.ly/3BsSmX2",
    "link": "https://bit.ly/3Ocgoxe",
    "description": "OneTab convert all of your tabs into a list and saves them"
  },
  {
    "productName": "Writesonic",
    "category": "ai",
    "image": "https://rb.gy/fvwkd",
    "link": "https://writesonic.com/",
    "description": "Combines the power of AI and human creativity to help create content."
  },
  {
    "productName": "Fontshare",
    "category": "tools",
    "image": "https://bit.ly/41yNIl3",
    "link": "https://www.fontshare.com/",
    "description": "A growing collection of professional grade fonts that are 100% free for personal and commercial use."
  },
  {
    "productName": "Url Shortener",
    "category": "extensions",
    "image": "https://rb.gy/v7iil",
    "link": "https://rb.gy/wgfdz",
    "description": "The quickest and easiest way to shorten URLs in your browser."
  },
  {
    "productName": "IT - TOOLS",
    "category": "tools",
    "image": "https://is.gd/ejPslc",
    "link": "https://it-tools.tech/",
    "description": "Handy Tools for developers"
  },
  {
    "productName": "Scam Adviser",
    "category": "tools",
    "image": "https://t.ly/UbE1",
    "link": "https://www.scamadviser.com/",
    "description": "Free website to check and sort out reliable websites from shady ones."
  },
  {
    "productName": "daily.dev",
    "category": "tools",
    "image": "https://bit.ly/3MnJzKZ",
    "link": "https://app.daily.dev/",
    "description": "It is a professional network for developers to learn, collaborate, and grow together."
  },
  {
    "productName": "Tab Colorizer",
    "category": "extensions",
    "image": "https://rb.gy/zx7r2",
    "link": "https://rb.gy/wgsql",
    "description": "Helps you customize your browser's tab icon."
  },
  {
    "productName": "NaturalReader",
    "category": "tools",
    "image": "https://bit.ly/3q2BHaA",
    "link": "https://bit.ly/3On29FU",
    "description": "AI Text to Speech Solution for Personal, Commercial, and Educational Use."
  },
  {
    "productName": "BugReplay",
    "category": "extensions",
    "image": "https://rb.gy/njt4s",
    "link": "https://rb.gy/k7ghv",
    "description": "Record your screen synced with network traffic and javascript errors."
  },
  {
    "productName": "Google Translate",
    "category": "extensions",
    "image": "https://rb.gy/ysdw5",
    "link": "https://rb.gy/td69u",
    "description": "Click the translate icon whenever you want to translate the page you're visiting."
  },
  {
    "productName": "Enhancer For Youtube",
    "category": "extensions",
    "image": "https://rb.gy/o9zuj",
    "link": "https://rb.gy/wspao",
    "description": "Enhance the YouTube viewing experience by ad blocking, adjustable video playback speed, dark mode, customizable themes"
  },
  {
    "productName": "PDF24",
    "category": "tools",
    "image": "https://bit.ly/3MQDCYu",
    "link": "https://bit.ly/45sK1jN",
    "description": "One stop solution for all your pdf problems."
  },
  {
    "productName": "Volume Booster",
    "category": "extensions",
    "image": "https://rb.gy/27sfy",
    "link": "https://rb.gy/c3tnu",
    "description": "Volume Booster helps boost video or music volume sound! Increase volume and bass booster, equalizer."
  },
  {
    "productName": "Showwcase",
    "category": "tools",
    "image": "https://is.gd/3ITVcB",
    "link": "https://bit.ly/424VRh7",
    "description": "Showwcase helps developers connect, build communities, and gain access to new opportunities."
  },
  {
    "productName": "Fatkun",
    "category": "tools",
    "image": "https://bit.ly/43mbOkf",
    "link": "https://bit.ly/3OzgP4V",
    "description": "Fatkun helps users download all pictures on the page with one click."
  },
  {
    "productName": "Save as PDF",
    "category": "extensions",
    "image": "https://rb.gy/zc62y",
    "link": "https://rb.gy/18vlo",
    "description": "Lets you download web pages as PDF in one click."
  },
  {
    "productName": "Stack Overflow",
    "category": "tools",
    "image": "https://bit.ly/3oyl7Pa",
    "link": "https://bit.ly/43s8OTh",
    "description": "Stack Overflow is a question and answer website for programmers. It is the flagship site of the Stack Exchange Network."
  },
  {
    "productName": "Linkedin",
    "category": "remote",
    "image": "https://bit.ly/43gXwRY",
    "link": "https://bit.ly/427YkYr",
    "description": "LinkedIn is a business and employment-focused social media platform that works through websites and mobile apps."
  },
  {
    "productName": "CSS Shadows",
    "category": "tools",
    "image": "https://bit.ly/3MA7PtJ",
    "link": "https://bit.ly/3BVJM3j",
    "description": "Gives custom CSS shadow designs to users to reduce time and give a lot of ideas "
  },
  {
    "productName": "SD moviespoint",
    "category": "movies",
    "image": "https://bit.ly/3WyaTei",
    "link": "https://bit.ly/3BTxMiW",
    "description": "Download all latest Movies from here free."
  },
  {
    "productName": "Piped",
    "category": "movies",
    "image": "https://bit.ly/45zisFw",
    "link": "https://piped.kavin.rocks",
    "description": "An alternative privacy-friendly YouTube frontend which is efficient by design."
  },
  {
    "productName": "UserTesting",
    "category": "tools",
    "image": "https://shorturl.at/bovAS",
    "link": "https://www.usertesting.com/",
    "description": "Testing platform where you can get your app tested and take feedback from real user."
  },
  {
    "productName": "Boxicons",
    "category": "tools",
    "image": "https://i.ibb.co/tC1BtcR/boxicons-png.jpg",
    "link": "https://boxicons.com/",
    "description": "Simple Open Source icons carefully crafted for designers & developers."
  },
  {
    "productName": "Bootstrap Icons",
    "category": "tools",
    "image": "https://rb.gy/swae5",
    "link": "https://icons.getbootstrap.com/",
    "description": "Free, high quality, open source icon library with over 1,800 icons."
  },
  {
    "productName": "Material UI",
    "category": "tools",
    "image": "https://mui.com/static/logo.png",
    "link": "https://mui.com/",
    "description": "MUI offers a comprehensive suite of UI tools to help you ship new features faster."
  },
  {
    "productName": "Cataz",
    "category": "movies",
    "image": "https://bit.ly/45EQRTq",
    "link": "https://cataz.net/",
    "description": "Best websites to stream your favourite series online"
  },
  {
    "productName": "UnLighthouse",
    "category": "tools",
    "image": "https://bit.ly/3MGIY7t",
    "description": "Like Lighthouse, but it scans every single page",
    "link": "https://unlighthouse.dev"
  },
  {
    "productName": "Regexr",
    "category": "tools",
    "image": "https://bit.ly/3qjRyl9",
    "description": "Regexr is an online tool to learn, build, & test Regular Expressions.",
    "link": "https://regexr.com/"
  },
  {
    "productName": "Unblast",
    "category": "UI",
    "image": "https://bit.ly/3qlij8V",
    "link": "https://bit.ly/3C51MZ3",
    "description": "Unblast is happy to offer you a rich collection of amazing UI templates."
  },
  {
    "productName": "UI Design Daily",
    "category": "UI",
    "image": "https://bit.ly/3WOEP6c",
    "link": "https://bit.ly/45F3IVF",
    "description": "UI Design Daily to be able to share these designs with anybody who is interested in using them."
  },
  {
    "productName": "Previewed Mockups",
    "category": "UI",
    "image": "https://bit.ly/3qoFyP5",
    "link": "https://bit.ly/42iAj0C",
    "description": "UI Design Mockups Available 2d & 3D"
  },
  {
    "productName": "Muzli Collections",
    "category": "UI",
    "image": "https://bit.ly/42h8JRq",
    "link": "https://bit.ly/3IOltZ2",
    "description": "Profile Page screen design inspiration"
  },
  {
    "productName": "Dashboard UI Kit",
    "category": "UI",
    "image": "https://bit.ly/3N2secf",
    "link": "https://bit.ly/3N4lGK9",
    "description": "The first and largest design kit for web apps and dashboards developed in React."
  },
  {
    "productName": "Freebies UI",
    "category": "UI",
    "image": "https://bit.ly/45COMri",
    "link": "https://bit.ly/45BOgd8",
    "description": "UI Kits available in various format like figma, Xd, PSD, AI etc."
  },
  {
    "productName": "3D Icons",
    "category": "UI",
    "image": "https://bit.ly/43yR9th",
    "link": "https://bit.ly/43dBe3H",
    "description": "3D icons & 3D characters in high 4K resolution"
  },
  {
    "productName": "6.5 M+ Design Assets",
    "category": "UI",
    "image": "https://bit.ly/3C47pH3",
    "link": "https://bit.ly/3P5Hman",
    "description": "Curated SVGs, Vector Icons, Illustrations, 3D Graphics, and Lottie Animations."
  },
  {
    "productName": "Design Junction ",
    "category": "UI",
    "image": "https://bit.ly/3IKfowL",
    "link": "https://bit.ly/3WFi2tq",
    "description": "Design Junction is a one-stop resource library for Designers and Creatives."
  },
  {
    "productName": "Fireflies",
    "category": "ai",
    "image": "https://rb.gy/7551l",
    "link": "https://fireflies.ai/",
    "description": "Helps your team record, transcribe, search, and analyze voice conversations."
  },
  {
    "productName": "resume.io",
    "category": "resume",
    "image": "https://tinyurl.com/2s48hfyh",
    "link": "https://resume.io/",
    "description": "Beautiful ready-to-use resume templates"
  },
  {
    "productName": "Canva",
    "category": "resume",
    "image": "https://tinyurl.com/2mxee67k",
    "link": "https://www.canva.com/create/resumes/",
    "description": "With Canva free resume builder, applying for your dream job is easy and fast."
  },
  {
    "productName": "Quill Bot",
    "category": "ai",
    "image": "https://tinyurl.com/5n6zfp2y",
    "link": "https://quillbot.com/",
    "description": "AI-powered paraphrasing tool that enhances your writing"
  },
  {
    "productName": "Zarla",
    "category": "tools",
    "image": "https://bit.ly/42Cp1ot",
    "link": "https://www.zarla.com/",
    "description": "Zarla Makes Logo Design Fun, Free, and Easy for Every Type of Business or Brand"
  },
  {
    "productName": "Zety",
    "category": "resume",
    "image": "https://bit.ly/3CbQwdG",
    "link": "https://zety.com/resume-builder",
    "description": "Zety Online Resume Builder,Create a Professional Resume for Free"
  },
  {
    "productName": "Animoto",
    "category": "AI",
    "image": "https://bit.ly/3WSfus6",
    "link": "https://animoto.com/",
    "description": "Create videos that engage and impress. Animoto's drag-and-drop editing tools and visual effects make it easy. No training or experience necessary"
  },
  {
    "productName": "Mixkit",
    "category": "tools",
    "image": "https://rb.gy/8o61q",
    "link": "https://mixkit.co/",
    "description": "Offers free assets with no watermark for your next video project."
  },
  {
    "productName": "Trello",
    "category": "tools",
    "image": "https://rb.gy/z9xu4",
    "link": "https://trello.com/",
    "description": "Project management tool that helps teams organize their work."
  },
  {
    "productName": "favicon.cc",
    "category": "tools",
    "image": "https://www.favicon.cc/images/favicon.cc/logo.png",
    "link": "https://www.favicon.cc/",
    "description": "Favicon.cc is a website that offers a simple and user-friendly platform for creating and customizing favicons."
  },
{
  "productName": "DALL·E",
  "category": "ai",
  "image": "https://bit.ly/3oICzAN",
  "link": "https://openai.com/dall-e-2",
  "description": "An AI system that can create realistic images and art from a description in natural language."
},

{
  "productName": "Novoresume",
  "category": "resume",
  "image": "https://bit.ly/3P09nA5",
  "link": "https://novoresume.com/",
  "description": "Online resume builder."
},
{
  "productName": "Gencraft",
  "category": "AI",
  "image": "https://bit.ly/3Nji330",
  "link": "https://gencraft.com/",
  "description": "Watch your prompts turn into beautiful designs, images, and artworks."
},
{
  "productName": "WatchSeriesHD",
  "category": "movies",
  "image": "https://rb.gy/xxgtv",
  "link": "https://watchserieshd.live/",
  "description": "Stream movies and series in HD quality for free"
},
{
  "productName": "Uiverse.io",
  "category": "UI",
  "image": "http://bit.ly/3X19kpw",
  "link": "https://uiverse.io/",
  "description": "Discover and customize free, open-source CSS and HTML UI elements, through this tool"
},
{
  "productName": "Leetcode",
  "category": "coding",
  "image": "https://leetcode.com/static/images/LeetCode_logo.png",
  "link": "https://leetcode.com/",
  "description": "A platform for practicing coding skills and preparing for technical interviews."
},
{
  "productName": "Atcoder",
  "category": "coding",
  "image": "http://morningpitch.com/wp-content/uploads/2020/10/download.png",
  "link": " https://atcoder.jp/",
  "description": "One of the best platforms for Cp, it was created in Japan"
},
{
  "productName": "Codeforces",
  "category": "coding",
  "image": "https://tinyurl.com/3fjue7y6",
  "link": " https://codeforces.com/",
  "description": "A competitive programming platform with challenging contests and an active community."
},

{
  "productName": "Codechef",
  "category": "coding",
  "image": "https://tinyurl.com/5cx6fp35",
  "link": "https://www.codechef.com/",
  "description": "An online community for programmers to improve their skills through contests and challenges."
},
{
  "productName": "BitDegree",
  "category": "coding",
  "image": "https://logos-download.com/wp-content/uploads/2019/01/BitDegree_Logo.png",
  "link": "https://www.bitdegree.org/",
  "description": "Offers high quality Web3 courses."
},
{
  "productName": "SPOJ",
  "category": "coding",
  "image": "https://tinyurl.com/yndmds67",
  "link": "https://www.spoj.com/",
  "description": "An online judge system with a large collection of programming problems for practice and contests."
},
{
  "productName": "Hackerrank",
  "category": "coding",
  "image": "https://tinyurl.com/247ewu64",
  "link": "https://www.hackerrank.com/",
  "description": "A coding platform with challenges, contests, and interview preparation resources."
},
{
  "productName": "Hackerearth",
  "category": "coding",
  "image": "https://tinyurl.com/4rzch6cp",
  "link": "https://www.hackerearth.com/",
  "description": "A platform for skill assessment, coding competitions, and hiring developers."
},
{
  "productName": "CSES",
  "category": "coding",
  "image": "https://cses.fi/logo.png?1",
  "link": "https://cses.fi/",
  "description": "Competitive Programming Archive featuring a wide range of algorithmic problems."
},
{
  "productName": "Project Euler",
  "category": "coding",
  "image": "https://tinyurl.com/4kznjfju",
  "link": " https://projecteuler.net/",
  "description": "A collection of challenging mathematical and computational problems."
},
{
  "productName": "Topcoder",
  "category": "coding",
  "image": "https://tinyurl.com/y66jd8mt",
  "link": "https://www.topcoder.com/",
  "description": "A platform for competitive programming and software development challenges."
},
{
  "productName": "GeeksForGeeks",
  "category": "coding",
  "image": "https://t.ly/vKJ8",
  "link": "https://www.geeksforgeeks.org/",
  "description": " A portal for computer science resources, tutorials, and coding practice."
},
{
  "productName": "Google Fonts",
  "category": "tools",
  "image": "https://tinyurl.com/554n6ry6",
  "link": "https://fonts.google.com/",
  "description": "Free and open source font families."
},
{
  "productName": "StackBlitz",
  "category": "Online Code Editor",
  "image": "https://avatars.githubusercontent.com/u/28635252?s=200&v=4",
  "link": "https://stackblitz.com/",
  "description": "Instant dev experiences: Click, code, no local setup required."
},
{
    "productName": "freeCodeCamp",
    "category": "tools",
    "image": "https://design-style-guide.freecodecamp.org/downloads/fcc_primary_small.jpg",
    "link": "https://www.freecodecamp.org/",
    "description": "freeCodeCamp is a non-profit organization providing free online coding courses and a supportive community."
},
{
  "productName": "Ant Design",
  "category": "tools",
  "image": "https://avatars0.githubusercontent.com/u/12101536?s=280&v=4",
  "link": "https://ant.design/",
  "description": "Ant Design is a popular Frontend UI library of React components which makes development code efficient, clean and fast"

},
{
  "productName": "Roadmap.sh",
  "category": "tools",
  "image": "https://i.pinimg.com/originals/14/ce/13/14ce13dff4ba3a6255916b128dd9ec57.png",
  "link": "https://roadmap.sh/",
  "description": "Roadmap.sh is an effort to create roadmaps and guides to help developers in picking up the path"
},
{
    "productName": "felxjobs",
    "category": "remote",
    "image": "https://tinyurl.com/ybfchtmw",
    "link": "https://www.flexjobs.com/",
    "description": "Explore a faster, easier, and better remote job search."
  },
  {
    "productName": "FindAsync",
    "category": "remote",
    "image": "https://tinyurl.com/yahvtc78",
    "link": "https://www.findasync.com/",
    "description": "Find your next async remote job"
  },
  {
    "productName": "CROSSOVER",
    "category": "remote",
    "image": "https://tinyurl.com/48bja2rc",
    "link": "https://www.crossover.com/",
    "description": "Find a full time remote job" 
  },
  {
    "productName": "Foundit",
    "category": "remote",
    "image": "https://bit.ly/3NQbci1",
    "link": "https://www.foundit.in/",
    "description": "Find the job that is perfect for You" 
  },
  {
    "productName": "INSIDEA",
    "category": "remote",
    "image": "https://tinyurl.com/bdf2h7kp",
    "link": "https://insidea.com/",
    "description": "Where Business Meets Talent"
  },
  {
    "productName": "Replit",
    "category": "Online Code Editor",
    "image": "bit.ly/3XasObi",
    "link": "https://replit.com/",
    "description": "An online IDE that allows users to create,run and share code in a web browser"
  },
  {
    "productName": "devChallenges.io",
    "category": "Coding",
    "image": "https://bit.ly/462R570",
    "link": "https://devchallenges.io/",
    "description": "Coding challenges and projects to practice coding skills"
  },
  {
    "productName": "frontendpractice",
    "category": "Coding",
    "image": "https://bit.ly/3CoiUcH",
    "link": "https://www.frontendpractice.com/",
    "description": "You can find a collection of projects with varying levels of difficulty."
  },
  {
    "productName": "javascript30",
    "category": "Coding",
    "image": "https://bit.ly/3qEuMED",
    "link": "https://javascript30.com/",
    "description": "Building 30 different projects over 30 days."
  },
  {
    "productName": "codewars",
    "category": "Coding",
    "image": "https://bit.ly/43XLyga",
    "link": "https://www.codewars.com/",
    "description": "Programming exercises to improve coding skills."
  },
  {
    "productName": "HyperWrite",
    "category": "ai",
    "image": "https://rb.gy/62tkp",
    "link": "https://www.hyperwriteai.com/",
    "description": "Uses AI to help you generate ideas, write content, and edit your work."
  },
  {
    "productName": "cssbattle",
    "category": "Coding",
    "image": "https://bit.ly/3NAzVXv",
    "link": "https://cssbattle.dev/",
    "description": "Write CSS code in real-time"
  },
  {
    "productName": "1337x",
    "category": "movies",
    "image": "https://shorturl.at/afjwQ",
    "link": "https://1337x.st/",
    "description": "1337x is a popular torrent website offering a wide range of downloadable content for users."
  },
  {
    "productName": "tutorialspoint",
    "category": "Learning",
    "image": "https://www.tutorialspoint.com/images/logo.png?v2",
    "link": "https://www.tutorialspoint.com/nodejs/index.htm",
    "description": "Tutorials Point provide the best learning material on technical and non-technical subjects."
  },
  {
    "productName": "jschallenger",
    "category": "Coding",
    "image": "https://tinyurl.com/5n6vbc7f",
    "link": "https://www.jschallenger.com/",
    "description": "Learn Javascript online by solving coding exercises."
  },
  {
    "productName": "Slides AI",
    "category": "ai",
    "image": "bit.ly/3CCVi3S",
    "link": "https://www.slidesai.io/",
    "description": "Create and enhance presentation slides"
  },
  {
    "productName": "AutoDraw",
    "category": "ai",
    "image": "bit.ly/3Nxb5rj",
    "link": "https://www.autodraw.com/",
    "description": "Provides suggestions and predictions to create drawings"
  },
  {
    "productName": "Starrytars",
    "category": "ai",
    "image": "bit.ly/42L7M4b",
    "link": "https://starryai.com/starrytars",
    "description": "Create high-quality avatars with AI in minutes"
  },
  {
    "productName": "Uizard",
    "category": "ai",
    "image": "bit.ly/3Pi0uSi",
    "link": "https://uizard.io/",
    "description": "Design wireframes, mockups, and prototypes in minutes"
},
{
  "productName": "DESIGNS.AI",
  "category": "resume",
  "image": "https://tinyurl.com/3c55se3w",
  "link": "https://designs.ai/design-types/resumes",
  "description": "Build Professional resumes effortlessly with Designs.AI"
},
{
  "productName": "RESUME WORDED",
  "category": "resume",
  "image": "https://resumeworded.com/",
  "link": "https://resumeworded.com/",
  "description": "Your personal resume & LinkedIn coach"
},
{
  "productName": "These resumes do not exist",
  "category": "resume",
  "image": "https://thisresumedoesnotexist.com/",
  "link": "https://thisresumedoesnotexist.com/",
  "description": "Stand out among the competition with over 1000 AI-inspired resume examples."
},
{
  "productName": "HyreSnap",
  "category": "resume",
  "image": "https://tinyurl.com/3wfpyr8f",
  "link": "https://hyresnap.com/resume-builder",
  "description": "Elevate your interview chances with our Modern Resume Templates"
},
{
  "productName": "skillroads",
  "category": "resume",
  "image": "https://skillroads.com/free-online-resume-builder",
  "link": "https://skillroads.com/free-online-resume-builder",
  "description": "Creating a modern and sharp resume has never been easier!"
},
{
  "productName": "myperfectresume",
  "category": "resume",
  "image": "https://tinyurl.com/3cah9f79",
  "link": "https://www.myperfectresume.com/",
  "description": "Create Your Perfect Resume Today"
},
{
  "productName": "VisualCV",
  "category": "resume",
  "image": "https://www.visualcv.com/",
  "link": "https://www.visualcv.com/",
  "description": "Create a job-ready resume in minutes."
},
{
  "productName": "resume.com",
  "category": "resume",
  "image": "https://www.resume.com/",
  "link": "https://www.resume.com/",
  "description": "Build a professional resume for free"
},
{
  "productName": "Google bard",
  "category": "ai",
  "image": "bit.ly/3NgYYx9",
  "link": "https://bard.google.com/",
  "description": "AI tools "
},
{
  "productName": "Otter AI",
  "category": "ai",
  "image": "bit.ly/3CGspEe",
  "link": "https://otter.ai/",
  "description": "Convert voice to text"
},
{
  "productName": "Runway AI",
  "category": "ai",
  "image": "bit.ly/3NpP7FE",
  "link": "https://runwayml.com/",
  "description": "Cloud-based video editing and effects platform"
},
{
  "productName": "writefull",
  "category": "ai",
  "image": "https://tinyurl.com/5n936eaz",
  "link": "https://www.writefull.com/#products",
  "description": "assistant designed to help English writing skills"
},
{
  "productName": "Chakra UI",
  "category": "tools",
  "image": "https://www.happylifecreators.com/wp/wp-content/uploads/2022/06/chakra-ui_title2-400x400.png",
  "link": "https://chakra-ui.com",
  "description": "Chakra UI is an accessible and customizable React component library for building UIs."
},
{
  "productName": "Frontend Mentor",
  "category": "web",
  "image": "https://www.frontendmentor.io/",
  "link": "https://www.frontendmentor.io/",
  "description": "A platform providing challenges for frontend developers to sharp their skills."
},
{
  "productName": "Class Central",
  "category": "tools",
  "image": "https://bit.ly/46jrGXc",
  "link": "https://www.classcentral.com/",
  "description": "Class Central is a website that lists online courses from top universities and providers."
},
{
  "productName": "Talk to Books ",
  "category": "Useful Tools",
  "image": "https://bit.ly/46hqdjP",
  "link": "https://books.google.com/talktobooks/",
  "description": "Users could ask questions, phrases, and the AI would scan through of books to find relevant passages and provide answers."
},
{
  "productName": "Exercism",
  "category": "Coding",
  "image": "https://bit.ly/3qY1Ck6",
  "link": "https://exercism.org/",
  "description": "Exercism is a coding platform that offers a hands-on learning experience, providing programmers with a wide range of challenges to practice and improve their skills."
},
{
  "productName": "Paraphrasing Tool",
  "category": "tools",
  "image": "https://bit.ly/44h4Bm8",
  "link": "https://plagiarismdetector.net/",
  "description": "Software aiding in avoiding plagiarism by rewording content effectively."
},
{
  "productName": "Spinbot",
  "category": "tools",
  "image": "https://bit.ly/4485Unq",
  "link": "https://spinbot.com/",
  "description": "Spinbot a text-spinning tool that generates alternative content."
},
{
  "productName": "Free Icons",
  "category": "tools",
  "image": "https://bit.ly/3r3nuua",
  "link": "https://icons8.com/",
  "description": "Collection of diverse, cost-free icons for versatile design applications."
},
{
  "productName": "Pomofocus",
  "category": "Useful Tools",
  "image": "https://bit.ly/3Nq7dHn",
  "link": "https://pomofocus.io/app",
  "description": "Pomofocus is a customizable pomodoro timer to help you focus on any task you are working on."

},
{
  "productName": "Codestudio",
  "category": "tools",
  "image": "https://cdn-1.webcatalog.io/catalog/codestudio/codestudio-icon-filled-256.png",
  "link": "https://www.codingninjas.com/codestudio",
  "description": "Coding Ninjas Studio Unleash your coding potential with interactive learning and practice."
},
{  
  "productName": "Text2SQL AI",
  "category": "ai",
  "image": "bit.ly/3JoQcMD",
  "link": "https://www.text2sql.ai/",
  "description": "Convert natural language queries into SQL queries"
},
{
  "productName": "CodiumL AI",
  "category": "ai",
  "image": "bit.ly/4461P2W",
  "link": "https://www.codium.ai/",
  "description": "Generate unit tests for your code"
},
{
  "productName": "Mind Luster",
  "category": "Useful Tools",
  "image": "https://bit.ly/42PS5sA",
  "link": "https://www.mindluster.com/",
  "description": "Mind Luster, an innovative learning platform, offers courses to ignite and expand the horizons of curious minds."
},
{
  "productName": "poised",
  "category": "ai",
  "image": "https://bit.ly/42TQnqc",
  "link": "https://www.poised.com/",
  "description": "poised is an AI powered communication coach."
},
{
  "productName": "OBS Studio",
  "category": "tools",
  "image": "https://bit.ly/46pIxau",
  "link": "https://obsproject.com/",
  "description": "Free and open source software for video recording and live streaming."
},
{
  "productName": "Replit GhostWriter",
  "category": "ai",
  "image": "https://avatars3.githubusercontent.com/u/983194?s=280&v=4",
  "link": "https://replit.com/site/ghostwriter",
  "description": "Replit GhostWriter is an AI coding tool which has tons of code-easing features to help developers"
},
{
  "productName": "Evernote",
  "category": "extensions",
  "image": "shorturl.at/elAT5",
  "link": "https://chrome.google.com/webstore/detail/evernote-web-clipper/pioclpoplcdbaefihamjohnefbikjilc",
  "description": "Evernote is a cross-platform app designed for note taking, organizing, task lists, and archiving."
},
{
  "productName": "Reactplay.io",
  "category": "ai",
  "image": "bit.ly/3NKcYRs",
  "link": "https://reactplay.io/",
  "description": "Allows to code, run, and debug React code without having to install anything on your computer"
},
{
  "productName": "indeed.com",
  "category": "remote",
  "image": "https://logos-world.net/wp-content/uploads/2021/02/Indeed-Logo.png",
  "link": "https://in.indeed.com/",
  "description": "Remote job board featuring a range of remote jobs across various industries."
},
{
  "productName": "Resume Worded",
  "category": "resume",
  "image": "",
  "link": "https://resumeworded.com/",
  "description": "Create ATS Friendly Resumes Effectively with ATS Score Provides"
},
{
  "productName": "Jobscan",
  "category": "resume",
  "image": "",
  "link": "https://www.jobscan.co/",
  "description":"Create ATS Friendly Resumes Effectively with ATS Score Provides"
},
{
  "productName": "Read Aloud",
  "category": "extensions",
  "image": "https://imgur.com/a/qDvJF1n",
  "link": "https://chrome.google.com/webstore/detail/read-aloud-a-text-to-spee/hdhinadidafjejdhmfkjgnolgimiaplp",
  "description": "Text to speech extension"
},
{
  "productName": "Walkccc",
  "category": "tools",
  "image": "https://imgur.com/a/FBEgUZo",
  "link": "https://walkccc.me/LeetCode/",
  "description": "Leetcode Solutions website"
},
{
  "productName": "Image to Text",
  "category": "tools",
  "image": "https://imgur.com/a/kLKlkiv",
  "link": "https://www.imagetotext.info/",
  "description": "Image to text convertor"
},
{
  "productName": "USACO",
  "category": "coding",
  "image": "https://forum.usaco.guide/uploads/default/original/1X/047f2df686adefc647703910bb5be85e7cce48e6.png",
  "link": "https://usaco.guide/",
  "description": "A free collection of curated, high-quality resources which specifically focus on competitive programming."
},
{
  "productName": "doubtclear.ai",
  "category": "ai",
  "image": "https://bit.ly/44t5SXn",
  "link": "https://www.doubtclear.ai/",
  "description": "AI Powered Homework Assistance for All!"
},
{
  "productName": "GSAP-GreenStock",
  "category": "Useful Tool",
  "image": "https://bit.ly/3NreI0H",
  "link": "https://greensock.com/gsap/",
  "description": "It's JavaScript library for some really cool animations without actual javascript codes"
},
{
"productName": "Codecademy",
"category": "coding",
"image": "https://shorturl.at/mzCU4",
"link": "https://www.codecademy.com/",
"description": "An online interactive platform with various courses, quizzes and projects."
},
{
  "productName": "Dark Reader",
  "category": "extensions",
  "image": "https://shorturl.at/flBDY",
  "link": "https://chrome.google.com/webstore/detail/dark-reader/eimadpbcbfnmbkopoojfekhnkhdbieeh",
  "description": "Dark Reader is an extension that brings dark mode to any website over the internet."
},
{
  "productName": "W3resource",
  "category": "tools",
  "image": "https://imgur.com/a/uy8QlQw",
  "link": "https://www.w3resource.com/",
  "description": "Resources to practice for frontend-developers"
},
{
  "productName": "Eventbrite",
  "category": "tools",
  "image": "https://imgur.com/a/FUyjavX",
  "link": "https://www.eventbrite.com/",
  "description": "Get Coding events and Hackathons update."  
},
{
  "productName": "Bing",
  "category": "ai",
  "image": "https://imgur.com/a/AwM4jXQ",
  "link": "https://chrome.google.com/webstore/detail/microsoft-bing-homepage-s/ddojnmkongaimkdddgmcccldlfhokcfb",
  "description": "Bing Ai extension"   
},
{
  "productName": "Vegamovies",
  "category": "movies",
  "image": "https://apkrabi.com/uploads/2023/4/vegamovies-icon.jpg",
  "link": "https://m.vegamovies.tips/",
  "description": "Here you can download all latest movies in the top quality"  
},
{
  "productName": "Bit Warden",
  "category": "tools",
  "image": "https://bit.ly/3Pw9C68",
  "link": "https://bitwarden.com/products/personal/",
  "description": "Free Software for Effortlessly Manage All Your Passwords and Logins."
},
{
  "productName": "Javascript.info",
  "category": "tools",
  "image": "bit.ly/3r7vPxi",
  "link": "https://javascript.info/",
  "description": "Provides comprehensive tutorials and references on the JavaScript"  
},
{
  "productName": "Spline AI",
  "category": "ai",
  "image": "https://bit.ly/3CQc1Rq",
  "link": "https://spline.design/ai",
  "description": "It generates 3D objects, animations and textures using prompts."
},
{
  "productName": "VLC Media Player",
  "category": "tools",
  "image": "https://bit.ly/46pTUPK",
  "link": "https://www.videolan.org/vlc/",
  "description": "Free and open source cross-platform multimedia player and framework."
},
{
  "productName": "cryptozombies",
  "category": "web",
  "image": "https://tinyurl.com/2uf3jrk5",
  "link": "https://cryptozombies.io/",
  "description": " Learn Solidity and Ethereum DApp development."
},
{
  "productName": "imgur",
  "category": "tools",
  "image": "https://iili.io/HidMrXV.png",
  "link": "https://imgur.com/",
  "description": "Imgur provides the simplest and most convenient means to host your images"  
},
{
  "productName": "Firebase",
  "category": "tools",
  "image": "https://bit.ly/3pqkebW",
  "link": "https://firebase.google.com",
  "description": "Firebase offers backend services like database, authentication, hosting, cloud functions and more."
},
{
  "productName": "Auth0",
  "category": "tools",
  "image": "https://bit.ly/46vxjkU",
  "link": "https://auth0.com",
  "description": "Auth0 is an authentication and authorization platform."
},  
{
  "productName": "Google Maps API",
  "category": "tools",
  "image": "https://bit.ly/44j4E1f",
  "link": "https://developers.google.com/maps",
  "description": "Google Maps Platform offers a free $200 monthly credit for Maps, Routes, and Places."
},
{
  "productName": "Stripe",
  "category": "tools",
  "image": "https://bit.ly/3JEhwqd",
  "link": "https://stripe.com",
  "description": "Stripe is a suite of payment APIs that powers commerce for online businesses of all sizes."
},
{
  "productName": "AWS",
  "category": "tools",
  "image": "https://bit.ly/3CTsW5S",
  "link": "https://aws.amazon.com",
  "description": "Amazon Web Services is a subsidiary of Amazon providing on-demand cloud computing platforms and APIs to individuals."
},
{
  "productName":"Youtube API",
  "category": "tools",
  "image": "https://bit.ly/3pql74g",
  "link": "https://developers.google.com/youtube",
  "description": "The YouTube Data API (v3) lets you incorporate YouTube functionality into your own application."
},
{
  "productName": "RapidAPI",
  "category": "tools",
  "image": "https://bit.ly/46vxjkU",
  "link": "https://rapidapi.com",
  "description": "RapidAPI is the world's largest API marketplace with over 1,000,000 developers and 10,000 APIs."
},
{
  "productName": "Movie API",
  "category": "tools",
  "image": "https://bit.ly/3NSQfmo",
  "link": "https://www.omdbapi.com",
  "description": "The API is a RESTful web service to obtain movie information, all content and images."
},
{
  "productName": "MongoDB Atlas",
  "category": "tools",
  "image": "https://bit.ly/3PCou2P",
  "link": "https://www.mongodb.com/cloud/atlas",
  "description": "MongoDB Atlas is the global cloud database service for modern applications."
},
{
  "productName": "Spotify API",
  "category": "tools",
  "image": "https://bit.ly/3pqR6kS",
  "link": "https://developer.spotify.com",
  "description": "The Spotify Web API is a set of web APIs to access Spotify's database of music, artists, albums, and playlists."
},
{
  "productName": "Free Weather API",
  "category": "tools",
  "image": "https://bit.ly/46uHyWQ",
  "link": "https://openweathermap.org/api",
  "description": "OpenWeather is a team of IT experts and data scientists that has been practising deep weather."
},
{
  "productName": "Joke API",
  "category": "tools",
  "image": "https://bit.ly/3pvhief",
  "link": "https://sv443.net/jokeapi/v2/",
  "description": "The JokeAPI is a REST API that serves uniformly and well formatted jokes."
},
{
  "productName": "Twitter API",
  "category": "tools",
  "image": "https://bit.ly/3pkO2XD",
  "link": "https://developer.twitter.com/en/docs/twitter-api",
  "description": "The Twitter API enables programmatic access to Twitter in unique and advanced ways."
},
{
  "productName": "Facebook API",
  "category": "tools",
  "image": "https://bit.ly/3JxNFQ3",
  "link": "https://developers.facebook.com",
  "description": "The Facebook API is a platform for building applications that are available to the members of the social network of Facebook."
},
{
  "productName": "Instagram API",
  "category": "tools",
  "image": "https://bit.ly/44lhw6o",
  "link": "https://developers.facebook.com/docs/instagram",
  "description": "The Instagram API Platform can be used to build non-automated, authentic, high-quality apps and services."
},
{
  "productName": "PayPal API",
  "category": "tools",
  "image": "https://bit.ly/3CSMkQc",
  "link": "https://developer.paypal.com/docs/api/overview",
  "description": "PayPal is an American company operating an online payments system in majority of countries that supports online money transfers and server."
},
{
  "productName": "WhatsApp API",
  "category": "tools",
  "image": "https://bit.ly/44H1lAL",
  "link": "https://developers.facebook.com/docs/whatsapp",
  "description": "The WhatsApp Business API is a fast, secure, and reliable way for businesses to reach their customers all over the world."
},
{
  "productName":"PayTM API",
  "category": "tools",
  "image": "https://bit.ly/4359769",
  "link": "https://developer.paytm.com/docs",
  "description": "Paytm is an Indian e-commerce payment system and financial technology company, based in Noida, India."
},
{
  "productName":"Stock API",
  "category": "tools",
  "image": "https://bit.ly/46vxjkU",
  "link": "https://www.alphavantage.co",
  "description": "Alpha Vantage offers free stock APIs in JSON and CSV formats for realtime and historical equity, forex, cryptocurrency data and over 50 technical indicators."
},
{
  "productName": "Devfolio",
  "category": "Coding",
  "image": "https://devfolio.co/hackathons",
  "link": "https://devfolio.co/hackathons",
  "description": "We love software and the people who build them."
},
{
  "productName": "DEVPOST",
  "category": "Coding",
  "image": "https://tinyurl.com/2vbb2z7y",
  "link": "https://devpost.com/",
  "description": "The home for hackathons"
},
{
  "productName": "unstop",
  "category": "Coding",
  "image": "https://tinyurl.com/yz3nu723",
  "link": "https://unstop.com/hackathons",
  "description": "Unstop is a platform where talent meets opportunities to unlock their potential."
},
{
  "productName": "MAJOR LEAGUE HACKING",
  "category": "Coding",
  "image": "https://mlh.io/seasons/2023/events",
  "link": "https://mlh.io/seasons/2023/events",
  "description": "Find, compete, and earn points at the largest, most diverse hacker events in the world."
},
{
  "productName": "HACK CLUB",
  "category": "Coding",
  "image": "https://assets.hackclub.com/flag-orpheus-top.svg",
  "link": "https://hackathons.hackclub.com/",
  "description": "High School Hackathons"
},
{
  "productName": "Favicon Generator",
  "category": "tools",
  "image": "https://favicon.io/og-image.png",
  "link": "https://favicon.io/",
  "description": "Generate favicons effortlessly using our user-friendly online favicon generator."
},
{
  "productName":"Sejda",
  "category": "tools",
  "image": "https://bit.ly/44t8eWb",
  "link": "https://www.sejda.com/",
  "description": "Online editing tool to make the tasks with PDF's simple like editing, adding signature, compressing e.t.c"
},
{
  "productName":"HD TODAY",
  "category": "movies",
  "image": "https://bit.ly/3CUIDtq",
  "link": "https://hdtoday.tv/",
  "description": "HDToday is the best site to watch movies and TV series online for free"
},
{
  "productName":"MyFlixer",
  "category": "movies",
  "image": "https://bit.ly/3r8jIQt",
  "link": "https://myflixer.ru/",
  "description": "My flixer is used to watch Unlimited Movies with Endless Entertainment"
},
{
  "productName": "Color Leap",
  "category": "tools",
  "image": "https://shorturl.at/bvyG8",
  "link": "https://colorleap.app/home",
  "description": "Take a leap through time and see the colors of history."
},
{
  "productName": "rev",
  "category": "tools",
  "image": "https://bit.ly/3pn0RAJ",
  "link": "https://www.rev.com/",
  "description": "Freelance speech-to-text transcription service for professionals."
},
{
  "productName": "Haikei",
  "category": "tools",
  "image": "https://shorturl.at/dEFHL",
  "link": "https://app.haikei.app/",
  "description": "Generate Blob, Wave, Blurry Gradients, Circle Scatter, Blob Scene, Layered Waves, etc."
},
{
  "productName": "sflix",
  "category": "movies",
  "image": "https://sflix.video/",
  "link": "https://sflix.video/",
  "description": "sflix have old bollywood and hollywood movie which is completely free"
},
{
  "productName": "Gitter",
  "category": "tools",
  "image": "https://gitter.im/images/logo-text-white-nomargin@2x.png",
  "link": "https://gitter.im/",
  "description": "Chat and networking platform that helps to manage, grow and connect communities through messaging, content and discovery"
},
  {
  "productName": "AniWatch",
  "category": "movies",
  "image": "https://aniwatch.to/images/logo.png",
  "link": "https://aniwatch.to/",
  "description": "Watch your favourite Anime here in Sub/Dub"
}
]
